{"web":{"client_id":"275217414558-rklh5spje6ocs3dqvohps2if1thgjar7.apps.googleusercontent.com","project_id":"restaurant-menu-app-181905","auth_uri":"https://accounts.google.com/o/oauth2/auth","token_uri":"https://accounts.google.com/o/oauth2/token","auth_provider_x509_cert_url":"https://www.googleapis.com/oauth2/v1/certs","client_secret":"IYyCdvkNk7dz5rcGthdf_O0S","redirect_uris":["http://localhost:5000/login","http://localhost:5000/gconnect","http://localhost:5000/oauth2callback"],"javascript_origins":["http://localhost:5000"]}}